Changes made at Sat Aug  9 05:58:18 UTC 2025
Changes made at Thu Nov 20 14:06:28 UTC 2025
Changes made at Thu Nov 20 14:23:10 UTC 2025
Changes made at Thu Nov 20 16:30:04 UTC 2025
Changes made at Fri Nov 21 08:31:45 UTC 2025
Changes made at Fri Nov 21 10:23:54 UTC 2025
Changes made at Fri Nov 21 14:21:51 UTC 2025
Changes made at Fri Nov 21 16:27:56 UTC 2025
Changes made at Sat Nov 22 08:27:30 UTC 2025
Changes made at Sat Nov 22 10:21:17 UTC 2025
Changes made at Sat Nov 22 14:18:31 UTC 2025
Changes made at Sat Nov 22 16:25:46 UTC 2025
Changes made at Sun Nov 23 08:27:38 UTC 2025
Changes made at Sun Nov 23 10:21:20 UTC 2025
